Name,Email,Username,Phone,Age,Address
Olin,Ismael_Nienow@hotmail.com,Julie76,1-833-676-5114 x338,55,Democratic Republic of the Congo
Mattie,Eden.Waters@gmail.com,Aliyah.Stark51,1-209-471-0963,56,Haiti
Loyal,Kamren_Rice@hotmail.com,Tyler61,880-952-6795 x1695,39,Gambia
Jaime,Elwyn.Roob32@yahoo.com,Antonette98,720-915-5079 x44596,80,Finland
Deangelo,Chadrick_Trantow@gmail.com,Enola11,714.745.7831 x991,49,South Sudan
Newton,Zita.Dickinson@gmail.com,Oma.Stokes,987.697.0712 x8426,26,Moldova
Monroe,Abdiel.Bechtelar@gmail.com,Jayne2,1-878-692-2259 x382,40,Trinidad and Tobago
Patsy,Dangelo.Quigley12@gmail.com,Gia6,(884) 969-4015 x8411,23,Brazil
Gabriella,Crystal_Cormier72@hotmail.com,Alize90,(708) 338-6712 x23726,85,Congo
Dianna,Esmeralda_Rutherford12@hotmail.com,Beulah.Paucek0,704-750-6341 x7299,83,Spain
Geraldine,Henriette97@hotmail.com,Brad_Rice,(714) 772-3577 x487,59,Turkmenistan
Domingo,Bianka47@gmail.com,Donato_Heaney93,(897) 221-6333 x026,31,Finland
Lera,Kelton_Wolf35@hotmail.com,Emmie.Gorczany71,978-426-8737 x00561,21,United States of America
Arvid,Kayden.Schimmel@gmail.com,Kristin70,(781) 665-4538 x77994,40,Taiwan
Bulah,Camille_Wiza-Carter37@yahoo.com,Edison38,1-998-601-5648 x9245,86,Malta
Judson,Grace72@yahoo.com,Sierra_Donnelly,999.362.0633,38,Djibouti
Maximilian,Angelina18@gmail.com,Sammie34,1-463-754-4814,18,Portugal
Brandt,Sandrine29@gmail.com,Alice.Bahringer,(327) 657-3206,73,Palestine
Lorenz,Letha_Toy7@yahoo.com,Arlene_Herzog,(585) 417-8644 x153,89,Bosnia and Herzegovina
Alene,Bernadine_Emmerich60@yahoo.com,Lionel.Quigley,395.613.1401 x2044,86,Bermuda
